index,TV,free
1,Diretta esclusiva Sky,no
2,Diretta esclusiva Sky,no
3,Diretta esclusiva Sky,no
4,Diretta Sky,si
5,Diretta esclusiva Sky,no
6,Diretta Sky,si
7,Diretta esclusiva Sky,no
8,Diretta esclusiva Sky,no
9,Diretta esclusiva Sky,no
10,Diretta esclusiva Sky,no
11,Diretta esclusiva Sky,no
12,Diretta Sky,si
13,Diretta esclusiva Sky,no
14,Diretta esclusiva Sky,no
15,Diretta esclusiva Sky,no
16,Diretta Sky,si
17,Diretta esclusiva Sky,no
18,Diretta esclusiva Sky,no
19,Diretta Sky,si
20,Diretta esclusiva Sky,no
21,Diretta esclusiva Sky,no
22,Diretta esclusiva Sky,no
